Metric,Percentile_95,Mean
Duration,102.49999999999997,25.37037037037037
Max intensity,5.06806,3.1249962962962963
Mean intensity,3.59011,2.3853666666666666
Onset rate,0.60088,0.20178518518518518
Decline rate,1.03963,0.3283333333333333
