Metric,Percentile_95,Mean
Duration,102.49999999999997,25.370370370370374
Max intensity,5.06806,3.1249962962962963
Mean intensity,3.59011,2.3853666666666666
