Metric,Percentile_95,Mean
Duration,86.74999999999999,24.142857142857146
Max intensity,5.1198,3.084807142857143
