Metric,Percentile_95,Mean
Duration,84.19999999999993,26.692307692307693
Max intensity,4.99852,3.168276923076923
